Unnamed: 0.1,Unnamed: 0,layer_index,mean,median,variance,min,max,std,sparsity,Skewness,Kurtosis,Mean,StdDev
0,0,gradients/classifier.out_proj.bias,0.11914264227422522,0.17919952141521564,1.1708930076272228e-05,0.15268433729170622,0.2155640826648623,0.03373334793181093,0.09619991038702275,0.5062860608903617,-467.25440405751164,0.1902465044344058,0.0032464112705403
1,1,gradients/classifier.out_proj.weight,0.04201880961569573,0.4051059724761444,2.1106494731254743e-05,0.3332388998009644,0.47444402497283583,0.0004991482364561245,0.07910063730613368,0.2562323643633758,-465.604300472031,0.3849786189067265,0.0044937680026081
2,2,gradients/classifier.dense.bias,0.10723643908030289,0.3734117720182577,6.208511715925582e-05,0.3184948671758778,0.4138113408552737,0.05245786514803214,0.040975327089559706,0.5583400389238198,-464.22288836424804,0.3796715601333053,0.0079328786275968
3,3,gradients/classifier.dense.weight,0.04483163592602502,0.19598490616034614,5.9758269346227755e-05,0.15802099437410666,0.22778953475526034,0.0069185902274351,0.0,0.4624632523048329,-452.52607533601565,0.2136262442541212,0.0072094760995813
4,4,gradients/encoder.roberta.encoder.layer.11.output.LayerNorm.weight,0.037851341184393664,0.10890156096754637,6.583120835310914e-06,0.08956750814466527,0.12678899220925421,0.00797041496867682,0.0,-3.102784390173377,-450.7122940061684,0.1110551366939933,0.0025187705578616
5,5,gradients/encoder.roberta.encoder.layer.11.output.LayerNorm.bias,0.011886474051001645,0.3655963349476552,1.4670740086571066e-05,0.3269203369455719,0.4074289034565834,0.011791010904295207,0.0,0.00629326073873776,-464.13281570412704,0.3760703805175494,0.0038893674661073
6,6,gradients/encoder.roberta.encoder.layer.11.output.dense.bias,0.18612709603616126,0.14898201739137854,4.798758541116433e-05,0.13148821824369575,0.16674891279852033,0.0727906196253037,0.058721778458198,0.5575764730204248,-463.28271211820373,0.1553965254213515,0.0066473276743646
7,7,gradients/encoder.roberta.encoder.layer.11.output.dense.weight,0.00749814109932883,0.45726645014058254,3.850622127109878e-06,0.3899314603623217,0.5139192796586053,0.0024870895084580734,0.06812083136687254,2.1560974254254885,-353.3120281141302,0.4442297631318653,0.0018408698742153
8,8,gradients/encoder.roberta.encoder.layer.11.intermediate.dense.bias,0.07288926765731134,0.4899881921862929,1.5731149578470248e-05,0.42227483484293354,0.5546311433951948,0.015332142715029294,0.0,0.6650144161204605,-439.0529640871636,0.4718811458652297,0.0039936891569376
9,9,gradients/encoder.roberta.encoder.layer.11.intermediate.dense.weight,0.1991484810033085,0.42625441703778344,4.947798159766079e-05,0.3780468597834184,0.5011029201417053,0.04342170637451931,0.030286443427511675,-0.3450339663120824,-386.5512962499867,0.4198759040528708,0.0070415505438689
10,10,gradients/encoder.roberta.encoder.layer.11.attention.output.LayerNorm.weight,0.05282371273900101,0.13191436615017207,1.2410825965428268e-06,0.11798209423882239,0.1538846399180748,0.0026119341324466463,0.0,-0.262285497038656,-458.230010767587,0.1216376341772206,0.0010417716024785
11,11,gradients/encoder.roberta.encoder.layer.11.attention.output.LayerNorm.bias,0.0016718227317301397,0.1261503479588733,3.518787906150323e-05,0.10074979041349953,0.14046726065102214,0.0007482701597957392,0.0,0.3409921376596252,-464.843765443948,0.1370611487849949,0.0056943506093574
12,12,gradients/encoder.roberta.encoder.layer.11.attention.output.dense.bias,0.03243589928838666,0.4128737688392374,1.2409167536558329e-05,0.33928481292147006,0.48317539060236236,0.012412020998220955,0.0,0.21510370390267958,-464.47064469365455,0.3990462616930186,0.0033269607286054
13,13,gradients/encoder.roberta.encoder.layer.11.attention.output.dense.weight,0.013930143884299724,0.26677011387104954,5.857477295977656e-05,0.23025317270533754,0.3154262517500806,0.006440148884955056,0.0,0.20937691932672323,-455.95422223562707,0.2498885809028246,0.0072507400251212
14,14,gradients/encoder.roberta.encoder.layer.11.attention.self.value.bias,0.05855931220889317,0.01342489191989751,8.292552052289349e-06,0.011847468288019268,0.015949887753170515,0.010663625403019175,0.09485978927492285,0.13488325850092547,-465.07324542467865,0.0148654369064533,0.002986683720885
15,15,gradients/encoder.roberta.encoder.layer.11.attention.self.value.weight,0.03477646764423133,0.5169336961348394,7.607993371197468e-05,0.4598608293472601,0.6015156377796895,0.003510902015112534,0.030393542507576296,0.24531004846010307,-447.27909288091337,0.5334113022972032,0.0087303717050602
16,16,gradients/encoder.roberta.encoder.layer.11.attention.self.key.bias,0.016708610687828442,0.2873019218893816,5.462909499054547e-05,0.24386707475207758,0.32147724114370835,0.007349363488326951,0.0,-0.37953848903480464,-460.9265293205667,0.29370561583127,0.0077070577509038
17,17,gradients/encoder.roberta.encoder.layer.11.attention.self.key.weight,0.08403177700657616,0.24481295015094404,8.015649329015315e-05,0.21260505276335637,0.27486181487877454,0.015485275057034334,0.0,2.3765754626336957,-357.4575112267921,0.2332257382358764,0.0090048132322408
18,18,gradients/encoder.roberta.encoder.layer.11.attention.self.query.bias,0.06294365229816656,0.4895245384442577,9.52688125987234e-05,0.4090350560071438,0.538306151106626,0.013474446239153113,0.0,0.6545950400085094,-454.9701594114663,0.4606152773998971,0.0094200742562796
19,19,gradients/encoder.roberta.encoder.layer.11.attention.self.query.weight,0.0029012619588277768,0.2727394886739962,1.4229725604830934e-05,0.24363509301862757,0.3221699568494222,0.0012848654085617474,0.013339368521881067,0.7739548826082466,-412.67708239968533,0.2656351549241132,0.0038347346091724
20,20,gradients/encoder.roberta.encoder.layer.10.output.LayerNorm.weight,0.007808780898683914,0.014030105350984845,4.2810122221210723e-05,0.011105649667291547,0.014914709231269077,0.00021391004069668852,0.0,1.813364457856216,-438.27432498824726,0.0141674459372247,0.0061198761175891
21,21,gradients/encoder.roberta.encoder.layer.10.output.LayerNorm.bias,0.04094248971742017,0.4481163729885986,3.648797183037496e-05,0.38372139431851093,0.49687207041766324,0.009808218580220848,0.05344061784263263,-0.028207945921152944,-464.0554756821714,0.461089633920261,0.0063383157006387
22,22,gradients/encoder.roberta.encoder.layer.10.output.dense.bias,0.0036190216801127452,0.5134875738363921,6.409484269664453e-05,0.4380413330821335,0.6107747112718802,0.0020833015325372123,0.10420620370380357,0.630628291397029,-464.23599815699504,0.506339318410214,0.0081947780729491
23,23,gradients/encoder.roberta.encoder.layer.10.output.dense.weight,0.33668123530966665,0.3342604795680998,6.450055371506339e-05,0.27912634818967275,0.3770970017683736,0.09610875660709157,0.0,0.6042962470498737,-380.9606923721646,0.3522403216895714,0.0080600911760882
24,24,gradients/encoder.roberta.encoder.layer.10.intermediate.dense.bias,0.047831121231697325,0.4694709182108318,2.9095662358954622e-05,0.41772751601087466,0.5394900359609,0.004476709739908621,0.0,-1.5735212803794765,-449.7698772683674,0.4513657302423021,0.0051674841619328
25,25,gradients/encoder.roberta.encoder.layer.10.intermediate.dense.weight,0.11254528227491802,0.42929993123685845,8.126617466194352e-05,0.373308359952183,0.5060313464616245,0.014693688386150938,0.0,-0.5212983891704652,-204.7863916663108,0.4481251508001184,0.0086190213691022
26,26,gradients/encoder.roberta.encoder.layer.10.attention.output.LayerNorm.weight,0.10837110935117208,0.21442875207903334,2.076847930143724e-06,0.17374205974011145,0.24853455998497728,0.040562628359313284,0.0,1.18774747294218,-444.4938774413549,0.2303125478766899,0.0013648560155573
27,27,gradients/encoder.roberta.encoder.layer.10.attention.output.LayerNorm.bias,0.06666747555947566,0.24394701246718092,1.8882344599131017e-06,0.2020874832144963,0.28267068861639494,0.020655471168744135,0.021339161336177748,0.3181089972821157,-465.1227136151088,0.2585001055740098,0.0013301713233209
28,28,gradients/encoder.roberta.encoder.layer.10.attention.output.dense.bias,0.025982696793207822,0.10737529412553007,2.9758126527902852e-05,0.0892667024286833,0.11881020927546415,0.010619938689334184,0.0,0.3595155713786797,-464.479147300047,0.1132457066798179,0.0058332676741811
29,29,gradients/encoder.roberta.encoder.layer.10.attention.output.dense.weight,0.4700909824372073,0.4262759506387873,2.0893452729034546e-06,0.368085842884201,0.4732008920626955,0.12686777229153365,0.044289952426466814,0.29558546772410954,-454.4548341186156,0.4409062134536953,0.0013911658357462
30,30,gradients/encoder.roberta.encoder.layer.10.attention.self.value.bias,0.2563626575719888,0.33146717943789844,0.0001174453678264872,0.28622802484439647,0.3885803994790463,0.10428763050582913,0.0,0.39684067384188054,-463.2533126654494,0.3421880655428451,0.0102373793739943
31,31,gradients/encoder.roberta.encoder.layer.10.attention.self.value.weight,0.008402136141544623,0.300132865346513,2.22240864296575e-05,0.2642777327057547,0.33866593919775123,0.0009350142558218131,0.0,2.617581442693212,131.07019259002257,0.3198748025090154,0.0050044697342234
32,32,gradients/encoder.roberta.encoder.layer.10.attention.self.key.bias,0.7585990434300454,0.11794969883973686,4.978847780956939e-05,0.10648356013520965,0.14062108013270744,0.1866064201675062,0.01515714586360007,2.2915258542693424,-442.5616334432002,0.1243237275188448,0.0070471031430131
33,33,gradients/encoder.roberta.encoder.layer.10.attention.self.key.weight,0.04698142814106434,0.29558049345456044,3.253726175145719e-05,0.24168750606802034,0.33336163014462755,0.002059409466230306,0.04593707633372418,-0.08331531367131671,-390.8022038487635,0.2767314879699799,0.0056179011350158
34,34,gradients/encoder.roberta.encoder.layer.10.attention.self.query.bias,0.029593045967019612,0.37116288405799874,5.061650353254997e-05,0.30706543168554734,0.4433520742844853,0.0034204891896535976,0.08954708565701512,0.7041530893189666,-456.4802165481334,0.3519897916023776,0.0073397932601012
35,35,gradients/encoder.roberta.encoder.layer.10.attention.self.query.weight,0.03165493979895572,0.31733039292459103,1.6756504237835148e-05,0.2669940789112732,0.35667698621277594,0.010945156104540905,0.0022145240286180214,2.4033777892873167,152.15960555470994,0.3043007365581083,0.004418920415624
36,36,gradients/encoder.roberta.encoder.layer.9.output.LayerNorm.weight,0.19066989832591472,0.43862161540749167,1.966910764040335e-06,0.3568481829883586,0.48567159840549134,0.04340083862457351,0.05832629192252985,7.741997940533714,-343.7518886640939,0.4341672966116292,0.0014458466784487
37,37,gradients/encoder.roberta.encoder.layer.9.output.LayerNorm.bias,0.6137175465172445,0.4533892807460842,3.310310540060659e-05,0.3838563704193222,0.5027008445119258,0.12879187894255317,0.0,0.4864374477930882,-465.19928142104106,0.4124894207692097,0.0057896036489945
38,38,gradients/encoder.roberta.encoder.layer.9.output.dense.bias,0.03954152133340496,0.2867943136678561,4.576288286652187e-05,0.24242559768170793,0.32764262852118514,0.013576120698969298,0.0,0.666244192323159,-463.1598839663914,0.2852585549545122,0.0069213444438447
39,39,gradients/encoder.roberta.encoder.layer.9.output.dense.weight,0.006892102185598591,0.37525062483238275,2.944219297057626e-05,0.315067153235965,0.4373845998759163,0.0008189066954233093,0.09075161353767092,2.887871392573726,-294.0362343681291,0.3465770496480345,0.0054437767294016
40,40,gradients/encoder.roberta.encoder.layer.9.intermediate.dense.bias,0.009772841269580423,0.4125344098799595,4.253564558042331e-05,0.3365078226113007,0.45637178854423166,0.0009048185668469357,0.0,-2.706115015351758,-424.16563407401566,0.4343078027002235,0.0063048281934644
41,41,gradients/encoder.roberta.encoder.layer.9.intermediate.dense.weight,0.0647368726945416,0.106162825402435,2.1492149801149492e-05,0.09476502662375995,0.12269819557513029,0.015199340259418275,0.0,1.0609640722513967,-369.87548507779536,0.1045922898628037,0.0046088164900283
42,42,gradients/encoder.roberta.encoder.layer.9.attention.output.LayerNorm.weight,0.0073794802965328875,0.3142265771430289,2.372910737201127e-05,0.26858875272958643,0.37532026275312064,0.010287695268023218,0.0,6.377888959867596,-369.02993348165313,0.3458150017493119,0.0046933188740865
43,43,gradients/encoder.roberta.encoder.layer.9.attention.output.LayerNorm.bias,0.05567757443405913,0.4489568548406247,3.63715508440592e-06,0.3673409688018791,0.49613635064725825,0.016104677805835247,0.08306207544233384,0.23160517781435255,-464.7933360740347,0.4374724778095792,0.0019364922094796
44,44,gradients/encoder.roberta.encoder.layer.9.attention.output.dense.bias,0.041142661880085446,0.10645826983929596,1.3446177266986734e-05,0.09314195074840811,0.11875979539464214,0.002434783629085992,0.0,0.24624463183753675,-463.04776376358205,0.1062439801996279,0.0039351605751702
45,45,gradients/encoder.roberta.encoder.layer.9.attention.output.dense.weight,0.5614587508109803,0.4196297219778983,4.132355934564108e-06,0.37068831710238204,0.4744530845523991,0.1538305533281013,0.07714266658596118,0.5571073856262022,-438.5843176800524,0.4429400158238286,0.0019580185240913
46,46,gradients/encoder.roberta.encoder.layer.9.attention.self.value.bias,0.02419187652094331,0.36280095861727857,7.689398539443746e-05,0.32185635616526287,0.4254597705004298,0.009043956986491429,0.08610061426862668,0.9182039206874063,-462.6793259484418,0.3431754396459434,0.0087462486554693
47,47,gradients/encoder.roberta.encoder.layer.9.attention.self.value.weight,0.12326235602217214,0.22620034369238243,0.00011153403518990395,0.19854106107417394,0.2678830646294859,0.01122589978969331,0.02803180790988796,25.009103627918655,5013.27888445833,0.2221870121217584,0.0101450950800137
48,48,gradients/encoder.roberta.encoder.layer.9.attention.self.key.bias,0.0024109559165201204,0.2532431957169806,9.351664521891664e-05,0.22247153387892873,0.28747575693001215,0.0016952612963567048,0.0,0.6428228399767209,-449.791382524178,0.2545091045726065,0.0099057001639264
49,49,gradients/encoder.roberta.encoder.layer.9.attention.self.key.weight,0.030611352626268382,0.4838238633464215,3.627575364194961e-06,0.42352368141103564,0.5688950543060175,0.005383423551771111,0.0,-1.982707226584457,-23.913343007048553,0.4473722128300935,0.0019926639544659
50,50,gradients/encoder.roberta.encoder.layer.9.attention.self.query.bias,0.08367828757147648,0.5104703010752558,7.791519144763585e-05,0.4505541737692177,0.5778417462048926,0.01226232327804355,0.030329123863824012,0.14125747406397968,-454.2845880083293,0.5059350104522432,0.0093758968387212
51,51,gradients/encoder.roberta.encoder.layer.9.attention.self.query.weight,0.048527661133830134,0.23343632561073088,1.7608234806019685e-05,0.20868245757835605,0.25990541085677965,0.0011148786811698863,0.07807723988350232,0.661673848246048,9312.8621584982,0.2306758274074139,0.0040360402898
52,52,gradients/encoder.roberta.encoder.layer.8.output.LayerNorm.weight,0.35854011450913803,0.46068933234998627,2.7376086200571316e-05,0.39422899919682364,0.5348621641414674,0.10440186491294287,0.06499597636688713,12.016591262473197,-295.1815855797832,0.4720922533398047,0.004960969680397
53,53,gradients/encoder.roberta.encoder.layer.8.output.LayerNorm.bias,0.04775831345074774,0.20635131224013623,5.542332344353129e-05,0.17924123098639247,0.24289485094072685,0.007174299113123483,0.0,0.24641940664009293,-464.78676011598026,0.2250923744513661,0.007585684903654
54,54,gradients/encoder.roberta.encoder.layer.8.output.dense.bias,0.0018181197332539057,0.3977044732017599,4.5073871956969614e-05,0.3384923974147006,0.44063037146394285,0.002365662935111987,0.007334131378654916,0.643897172610213,-458.51886625983445,0.3843934928139462,0.0063014122158751
55,55,gradients/encoder.roberta.encoder.layer.8.output.dense.weight,0.052649105798912174,0.2444089740220282,5.782150512808859e-06,0.20353330581809992,0.27095155410561195,0.01995897438160987,0.0,2.995938014245847,16.127834653100052,0.2675468234554812,0.0023751556880878
56,56,gradients/encoder.roberta.encoder.layer.8.intermediate.dense.bias,0.03418797410593302,0.3389726368394107,5.547773892482412e-05,0.2744455154316148,0.37550146160225756,0.01214483085846935,0.055261421632974164,-4.955070784815951,-387.6016383474294,0.3645087455811979,0.0070150158281337
57,57,gradients/encoder.roberta.encoder.layer.8.intermediate.dense.weight,0.22795540564667235,0.11863919990476685,3.7548187226952167e-06,0.10277771028047826,0.13081598521819662,0.08572143444834539,0.015095648923692435,-15.61425416964317,2703.042380126211,0.1263521564761436,0.0018560101270082
58,58,gradients/encoder.roberta.encoder.layer.8.attention.output.LayerNorm.weight,0.039918453233699566,0.4627322328496986,7.855909243635836e-05,0.38753359590462944,0.546894325855759,0.017364869660578958,0.0,9.587025836527664,-324.4800374961838,0.4463029601148028,0.0087846997099376
59,59,gradients/encoder.roberta.encoder.layer.8.attention.output.LayerNorm.bias,0.008694724018364585,0.4833399425541499,6.49288280079627e-05,0.4044435313951346,0.5351613240145289,0.0010773753960887315,0.0,0.3746651856853261,-462.36441220798406,0.4924632112881271,0.0077199143622645
60,60,gradients/encoder.roberta.encoder.layer.8.attention.output.dense.bias,0.4644357564157422,0.2775863816530286,3.80461756704832e-05,0.24734419618272993,0.30857633674312357,0.021107803275585944,0.0,0.2712812347593754,-458.7007106015882,0.2997436781577688,0.0058025154531796
61,61,gradients/encoder.roberta.encoder.layer.8.attention.output.dense.weight,0.2905953685509077,0.10370962791172406,4.134183088676413e-06,0.08360174564076858,0.1153820251613098,0.1116308997144926,0.012077392334065675,0.41777246109880706,-434.57638524969747,0.1048264816212907,0.0020607908413436
62,62,gradients/encoder.roberta.encoder.layer.8.attention.self.value.bias,0.007473443617158268,0.42982260614464174,1.9149588709812937e-05,0.36842854006923964,0.5134587466417591,0.009247709781168246,0.0,0.21793455505121428,-462.9566188151742,0.3942067678790624,0.00446699293549
63,63,gradients/encoder.roberta.encoder.layer.8.attention.self.value.weight,0.03175657897638478,0.24331285769830038,1.3577767867365403e-06,0.1994046540242467,0.2900826230197746,0.0009441208822479221,0.0,-0.8716406453609864,118.56694253331857,0.2308618048043964,0.0011831586154801
64,64,gradients/encoder.roberta.encoder.layer.8.attention.self.key.bias,0.6025097462813134,0.544659008842417,0.0001035593293568107,0.48517259625128933,0.6290445001709141,0.06266339940354797,0.07195472961638304,-1.417419248619411,-449.0023765438926,0.4969829338653485,0.0106403221078447
65,65,gradients/encoder.roberta.encoder.layer.8.attention.self.key.weight,0.21389780322571517,0.12177838446095503,4.0921416831797496e-05,0.10913595904828101,0.14020982450269037,0.0770538199586344,0.08160560950525676,-2.4354504231277248,612.9503785811044,0.1271550385361159,0.0068763727179225
66,66,gradients/encoder.roberta.encoder.layer.8.attention.self.query.bias,0.3884769294559866,0.3540775973187544,7.93145335379015e-05,0.3055559387661,0.41027322003339584,0.1040891109745913,0.0,-0.8767136465257035,-445.1017315602023,0.3782108047726731,0.0089206500960385
67,67,gradients/encoder.roberta.encoder.layer.8.attention.self.query.weight,0.050898463420301104,0.10115728164414794,3.039311639233917e-05,0.09087679885108553,0.12072619366130576,0.018402192254520878,0.0,-43.377913858374484,15467.265043217812,0.1096827154854636,0.0051496163026863
68,68,gradients/encoder.roberta.encoder.layer.7.output.LayerNorm.weight,0.04720884870674315,0.2903210646581117,1.976172832015264e-05,0.2380228897430471,0.33324160308084994,0.014502458068611576,0.0,13.171452308747796,-278.2663933969931,0.3193469349989294,0.0042683219645808
69,69,gradients/encoder.roberta.encoder.layer.7.output.LayerNorm.bias,0.07198545297694219,0.33436221052291176,5.203582539486099e-05,0.30083173843310634,0.4017911728607237,0.012840227536494907,0.0,0.47398398590537427,-464.4549198673769,0.319134482980371,0.0073916940702971
70,70,gradients/encoder.roberta.encoder.layer.7.output.dense.bias,0.05641967556465631,0.31182850912433485,5.252233178465153e-06,0.2751726298734275,0.3648051944623708,0.01040031582122397,0.0,1.118009442261435,-448.99221694852633,0.3154121759830583,0.002293649831687
71,71,gradients/encoder.roberta.encoder.layer.7.output.dense.weight,0.03292611337911129,0.02305904561836055,5.186367880032725e-05,0.019963474517136235,0.02615545653184302,0.0060810146323248895,0.0,-0.3893112686522881,-98.23465271059494,0.020916984267389,0.0068688079039356
72,72,gradients/encoder.roberta.encoder.layer.7.intermediate.dense.bias,0.047152246014778486,0.2566100940826916,1.249187863553715e-06,0.226777885708972,0.28251672539448497,0.011266316916432567,0.002046518717459649,-1.1336378265523412,-442.64349518346063,0.2742139451644126,0.0011931565137988
73,73,gradients/encoder.roberta.encoder.layer.7.intermediate.dense.weight,0.34534187347088097,0.22232868762970143,3.5516789249295235e-05,0.19931889427809113,0.24729280968959333,0.08469998835527087,0.052026884759589394,0.8326450721286406,-59.97097930492847,0.2367231269037711,0.0058963971026916
74,74,gradients/encoder.roberta.encoder.layer.7.attention.output.LayerNorm.weight,0.06842717235624961,0.01427893903034714,3.0047475591362576e-05,0.011821070376967802,0.01582671732653425,0.019906595649165464,0.0,10.288431477025673,-329.48457212707984,0.0128862311330954,0.0055682539029585
75,75,gradients/encoder.roberta.encoder.layer.7.attention.output.LayerNorm.bias,0.05104917869454394,0.278979363838571,6.615258369328771e-05,0.2251399275256965,0.33156631502752243,0.012293603287170263,0.0,0.3102349084659821,-463.323090316734,0.2543135240831852,0.0086797221618517
76,76,gradients/encoder.roberta.encoder.layer.7.attention.output.dense.bias,0.01649830636584167,0.43113753797580023,9.565721963130588e-05,0.3681253126143817,0.5063990129838667,0.010058308644738596,0.05331179032549134,0.8852730161274083,-460.86104875038296,0.4657399788560131,0.0091418000860491
77,77,gradients/encoder.roberta.encoder.layer.7.attention.output.dense.weight,0.00438078314725275,0.39206173983183673,7.646317519785441e-05,0.3316945496655943,0.4368335886136194,0.002267838095014074,0.0,0.018154003862901003,-441.51789487616634,0.3993174728288053,0.009339732692336
78,78,gradients/encoder.roberta.encoder.layer.7.attention.self.value.bias,0.06061753573088239,0.3879232359300069,1.56790785256494e-05,0.3369293533700936,0.4514095421291061,0.00537834516168389,0.06505703897308303,0.4402989034928508,-463.2722388272825,0.3721560251752253,0.0041337964169835
79,79,gradients/encoder.roberta.encoder.layer.7.attention.self.value.weight,0.1009372268723895,0.1465306912521882,3.7558908421876176e-05,0.12455475300966305,0.17209451361459724,0.002323825877015182,0.09552352255226956,2.991965800522033,404.3220498452416,0.1382858073180434,0.005855944185599
80,80,gradients/encoder.roberta.encoder.layer.7.attention.self.key.bias,0.1027987088489864,0.4544910967918241,2.012143155343568e-05,0.38899541083469286,0.5396562576283725,0.01620794231024201,0.0,-2.1841899029750484,-421.67187936324177,0.4413804347542394,0.0043526244931405
81,81,gradients/encoder.roberta.encoder.layer.7.attention.self.key.weight,0.04024172683746688,0.15299425719416926,5.2089083468016037e-05,0.13477547340061016,0.1788815726253052,0.005964428548056289,0.04629329971880619,-4.3697632480034345,513.9742593303115,0.1513060392597353,0.0069115886581245
82,82,gradients/encoder.roberta.encoder.layer.7.attention.self.query.bias,0.013302022420428944,0.18818972109253687,3.782844580039076e-05,0.15142014638357223,0.2144485683705181,0.004990614965573318,0.1053370646625906,0.21310294228725726,-458.9478871862374,0.1832106522103431,0.006200373114222
83,83,gradients/encoder.roberta.encoder.layer.7.attention.self.query.weight,0.03453420511996643,0.27295074003781683,3.456155219306313e-05,0.24315803264011274,0.3099023240640567,0.006486943964535644,0.07010093897601903,5.970285381183002,3067.839696751254,0.2707320942254027,0.0059961679615637
84,84,gradients/encoder.roberta.encoder.layer.6.output.LayerNorm.weight,0.04411629810590449,0.424218636468509,9.887806638504609e-05,0.3659481231175308,0.5034755374054235,0.009932467921853936,0.0006771967899306344,13.930576891949254,-224.15627603098397,0.447338110398913,0.0098370922552561
85,85,gradients/encoder.roberta.encoder.layer.6.output.LayerNorm.bias,0.05842625194614811,0.17239849090325035,3.331444660965903e-05,0.14562058115613472,0.19305341967089,0.017777151905501738,0.0,0.0964003653940847,-464.57955468755057,0.16607294538239,0.0054774986881242
86,86,gradients/encoder.roberta.encoder.layer.6.output.dense.bias,0.5891515889373798,0.5411615450811901,9.637901948354184e-06,0.4507335341421703,0.6295738096789892,0.16414019387741072,0.08227167605818589,0.1784391142239055,-457.9654668450006,0.5222076461568924,0.0030782914896972
87,87,gradients/encoder.roberta.encoder.layer.6.output.dense.weight,0.002178695658366889,0.12121105813811596,4.3690631133366115e-06,0.09908513566791025,0.1359475344055994,0.0018289869163993638,0.0,-4.344579398547795,-6.914717518296784,0.1182731526648395,0.0022498007322533
88,88,gradients/encoder.roberta.encoder.layer.6.intermediate.dense.bias,0.019256587447246058,0.34945965442880156,2.6421484753785422e-05,0.29216904953372824,0.4164883698600746,0.004212664440122473,0.09156311470734109,2.834719130085412,-306.65619665109983,0.3249693878083101,0.0049780762814613
89,89,gradients/encoder.roberta.encoder.layer.6.intermediate.dense.weight,0.001183154888077318,0.4317127780629637,6.929219215701884e-06,0.35430423442756503,0.47750103707528696,8.027857488923293e-05,0.0,4.9545449662702445,127.44953336296727,0.3981418193092197,0.0026415483841907
90,90,gradients/encoder.roberta.encoder.layer.6.attention.output.LayerNorm.weight,0.5674543523948612,0.20722277537457076,2.917566043006218e-05,0.16813000910934747,0.23115111509007763,0.07591413514998681,0.0,6.958257484315525,-384.1768921115096,0.225640533404623,0.0054720320263788
91,91,gradients/encoder.roberta.encoder.layer.6.attention.output.LayerNorm.bias,0.1649569753898089,0.2056650372381638,1.7682501429600969e-06,0.17514603677022697,0.24078864499939456,0.022741358722658082,0.09669538279832315,0.3243408776977808,-464.7453863541858,0.198668812739261,0.0012589294481588
92,92,gradients/encoder.roberta.encoder.layer.6.attention.output.dense.bias,0.03769555631577419,0.017838842748065905,7.413866750999319e-05,0.014214847269619524,0.020884204294915346,0.014275721845348654,0.0008623825746413741,-0.17863701599850673,-464.4097051409485,0.0176216598717936,0.0092382897257841
93,93,gradients/encoder.roberta.encoder.layer.6.attention.output.dense.weight,0.07835676980173013,0.12278510270531255,5.262679933489028e-06,0.10851620202705095,0.1447703137280426,0.05732414900201692,0.08298360532534234,0.7794158086120451,-437.0288503587462,0.1363360039480099,0.0024674509017479
94,94,gradients/encoder.roberta.encoder.layer.6.attention.self.value.bias,0.02041236306141009,0.2102341451335977,2.3090864900474964e-05,0.17862548886056204,0.24460024940629405,0.007604452263030995,0.07936639579833749,-0.26190443463839147,-464.3403900733742,0.1926355700862139,0.0045074215816091
95,95,gradients/encoder.roberta.encoder.layer.6.attention.self.value.weight,0.03710439779563279,0.31092048307864434,5.66133658185619e-05,0.24944376991515116,0.3492548133687966,0.010002652239622593,0.0,-2.207862998636002,1268.9193912194778,0.3051417555068529,0.0072238097988642
96,96,gradients/encoder.roberta.encoder.layer.6.attention.self.key.bias,0.10001379127165509,0.5092012908751734,2.265215653440402e-05,0.4344341708729169,0.5655497986310735,0.01335328851403455,0.0,-0.20006116048383085,-458.76929147034065,0.4718654888567075,0.0048694731526822
97,97,gradients/encoder.roberta.encoder.layer.6.attention.self.key.weight,0.02702606406566597,0.30739076737390436,1.5657343231485852e-06,0.2546078108402033,0.3503035686788487,0.010048362952243954,0.06077138732971848,-0.23562163234568306,-183.30184332525235,0.3138556720060222,0.0012534150540216
98,98,gradients/encoder.roberta.encoder.layer.6.attention.self.query.bias,0.0641520833680233,0.24664830287003514,7.653337474381224e-05,0.2059156195722521,0.27496048476926715,0.014356231841643231,0.043950296148301794,0.4121056510731185,-452.57359477726555,0.2355820694812777,0.0090757445955607
99,99,gradients/encoder.roberta.encoder.layer.6.attention.self.query.weight,0.029744822440858274,0.3583209582440324,2.693185533343312e-06,0.31460046339872455,0.4115763757402589,0.005650898308126224,0.0,-3.4046387668568894,3596.048645204578,0.3414725767509251,0.0017751404801469
100,100,gradients/encoder.roberta.encoder.layer.5.output.LayerNorm.weight,0.05311648855106719,0.3496852499648113,4.3284576449843415e-06,0.30564650963440826,0.3995278739219503,0.013702193564526894,0.0,5.0673809969024495,-402.0189626421472,0.32165084770942,0.0022220458504407
101,101,gradients/encoder.roberta.encoder.layer.5.output.LayerNorm.bias,0.03088911877302603,0.2201418915181447,1.921291172629673e-05,0.19057728037245986,0.2550484118162621,0.0085166194346997,0.015663657693369453,0.9429544575055251,-464.72819017966185,0.21800077343456,0.0042139243091543
102,102,gradients/encoder.roberta.encoder.layer.5.output.dense.bias,0.4619548427132158,0.020109282513067372,6.212149425764697e-06,0.016389931047223735,0.0220896490806923,0.09433303603481358,0.09460938568724267,0.047449323882825134,-464.77413990792394,0.0197638876590606,0.0024163130817107
103,103,gradients/encoder.roberta.encoder.layer.5.output.dense.weight,0.0025273345716755042,0.20429807604925537,7.169615819504868e-06,0.16782408897431406,0.23134371344061075,0.0008476727942047657,0.08636745035850094,-0.11107640496629331,-410.94463429869,0.1922414543042759,0.0025414195324884
104,104,gradients/encoder.roberta.encoder.layer.5.intermediate.dense.bias,0.032115588936025584,0.4233395389319488,9.843667746469481e-05,0.36153796559371715,0.4839329161427533,0.023474772307304905,0.08162094024897568,-0.6788126093012785,-445.22054961000305,0.4142794099496042,0.0094916472736376
105,105,gradients/encoder.roberta.encoder.layer.5.intermediate.dense.weight,0.019540892083384796,0.12885516098233615,6.860162210403269e-05,0.11573952740602332,0.15310917153915884,0.00686690268092913,0.0,2.5744993532517673,1836.377352306466,0.1341191199674365,0.0088674603432173
106,106,gradients/encoder.roberta.encoder.layer.5.attention.output.LayerNorm.weight,0.09379893603600546,0.011630966353626765,4.1724720785084154e-05,0.010639188269318626,0.014641146701262528,0.025901183960820407,0.011295540401398876,-1.4161022431229622,-429.64265697567123,0.0114438827713152,0.0060325801740554
107,107,gradients/encoder.roberta.encoder.layer.5.attention.output.LayerNorm.bias,0.04413533595833581,0.31267580634767633,1.5010132020364852e-05,0.2745684629370462,0.35026077679190515,0.000500709623004106,0.0,0.27019455924308744,-464.37275279200657,0.3168976545624216,0.0040193730701585
108,108,gradients/encoder.roberta.encoder.layer.5.attention.output.dense.bias,0.10749522027518446,0.2730288832787573,3.7960613509198646e-05,0.22502891507911357,0.3034500532187918,0.06049053352744206,0.01729036075463496,0.2658699781070428,-464.5246933724688,0.2913534085049968,0.0060411628026893
109,109,gradients/encoder.roberta.encoder.layer.5.attention.output.dense.weight,0.06872743188687365,0.22000795853811803,2.7065968121552288e-05,0.17926728069636697,0.25240387719058127,0.006738324474983044,0.0,0.09963621127072006,-453.04904241109824,0.2010332726276953,0.0056095771175821
110,110,gradients/encoder.roberta.encoder.layer.5.attention.self.value.bias,0.08050061634560296,0.12868091593011569,9.761814547389404e-05,0.1049584956994036,0.1427509219011466,0.017290118575969692,0.0,0.5062881491136438,-464.8372396965698,0.1190620041962033,0.0099192448670336
111,111,gradients/encoder.roberta.encoder.layer.5.attention.self.value.weight,0.004571086707963494,0.24887319692551418,5.126136884306991e-05,0.20488126362918987,0.2899364295689687,0.0012344520547357483,0.0,0.5374328320611219,-209.96122828586758,0.2363471581744683,0.0073165494390122
112,112,gradients/encoder.roberta.encoder.layer.5.attention.self.key.bias,0.7865551998160093,0.3288006072105907,9.137207554242649e-05,0.2766283305208376,0.37321420054375265,0.17550650829584136,0.0,-1.1763665142669564,-451.70427785510554,0.3060176791794333,0.0093416552794376
113,113,gradients/encoder.roberta.encoder.layer.5.attention.self.key.weight,0.04491018685222133,0.4367656054564652,8.359520543448897e-05,0.3540794979314375,0.5112638732508487,0.0014357272685349561,0.003341017793209191,-0.5787880817352972,-215.37266752596233,0.4705106857898864,0.0090128470170616
114,114,gradients/encoder.roberta.encoder.layer.5.attention.self.query.bias,0.03627313773838009,0.18647657295981582,6.939269082820995e-05,0.16382485966474067,0.21692715494254383,0.019780663131448644,0.07088329133865255,-0.2124825790714898,-458.71681212452444,0.173645864553479,0.0083747487116398
115,115,gradients/encoder.roberta.encoder.layer.5.attention.self.query.weight,0.08704317533353592,0.16519703117367293,6.186965693652756e-06,0.13497719675757983,0.18372439101821292,0.029489246937694936,0.08772976515696324,-2.8503881805942797,-178.40457188982816,0.1639812166016889,0.0025778573645576
116,116,gradients/encoder.roberta.encoder.layer.4.output.LayerNorm.weight,0.029711585528865478,0.4027152556754196,9.332411172966659e-05,0.3429707417816486,0.45708278920284984,0.012332894447209102,0.0,-2.423370061221277,-440.0165153914668,0.4465626871786639,0.0090789344111396
117,117,gradients/encoder.roberta.encoder.layer.4.output.LayerNorm.bias,0.11741022764018973,0.21948852578778874,2.615241092282846e-05,0.18477404118164276,0.24909709600554006,0.12391646724596601,0.0,0.3598030881556735,-465.0894126537264,0.2382211824713381,0.004935520793286
118,118,gradients/encoder.roberta.encoder.layer.4.output.dense.bias,0.2465036287234236,0.23043410550262847,7.955762264200443e-05,0.19549272340138604,0.25824862501141144,0.057494663250143366,0.0,-0.21498465916116832,-465.4462163879957,0.2357138854763806,0.0088406693576738
119,119,gradients/encoder.roberta.encoder.layer.4.output.dense.weight,0.039797515048935736,0.28125745577665767,3.979133617166766e-06,0.2504151420302157,0.3268280832717492,0.006361350227599599,0.0,0.7669033124976402,-412.56771739974363,0.267560314918717,0.0021620980164625
120,120,gradients/encoder.roberta.encoder.layer.4.intermediate.dense.bias,0.05036632527388461,0.5238790854790807,7.267379725213212e-05,0.436414065305325,0.5832501571732684,0.008657364059092254,0.026323012424237964,0.41082214659633043,-455.150343010814,0.5005422936573456,0.0084994501664512
121,121,gradients/encoder.roberta.encoder.layer.4.intermediate.dense.weight,0.0690676021459479,0.017491943269428354,5.317223923847828e-06,0.015493147149461362,0.020535718142952675,0.013051886800355031,0.08733607619860635,-2.954987201596461,1462.5189748145297,0.0172461908791632,0.002400156850979
122,122,gradients/encoder.roberta.encoder.layer.4.attention.output.LayerNorm.weight,0.012245226613263422,0.22727900126431538,3.288992439990165e-05,0.1991774462092674,0.2513316916052555,0.004685400485168499,0.050653441264183474,-0.081184140212374,-460.2948217375428,0.2372107858325982,0.0059926072181903
123,123,gradients/encoder.roberta.encoder.layer.4.attention.output.LayerNorm.bias,0.03235538583950015,0.40951493430833413,3.3567355495824775e-06,0.3409862508981648,0.4831990779571451,0.0076683129720986785,0.0,0.3343619531068378,-465.0425516133803,0.3919120732680094,0.0018671665185796
124,124,gradients/encoder.roberta.encoder.layer.4.attention.output.dense.bias,0.02220684897283031,0.360359679845313,5.078602959287017e-06,0.3031192883384196,0.42585035522282355,0.006990438438548632,0.08316305316530372,0.05534522390635141,-464.39025062757355,0.3950630684350223,0.0022990836627864
125,125,gradients/encoder.roberta.encoder.layer.4.attention.output.dense.weight,0.022607783107155176,0.17128710426167948,4.6060720704351344e-05,0.1490174469487643,0.19893656322836117,0.011792412011894756,0.05998660177765779,0.4628488323017689,-459.1215399303047,0.1765853955003093,0.0066937224096927
126,126,gradients/encoder.roberta.encoder.layer.4.attention.self.value.bias,0.013776469853370448,0.28612203125472707,0.00010122969912916403,0.23916315727993523,0.32043177890326896,0.007495152399852106,0.019564590869798813,0.33437270650724954,-464.5619528389358,0.3052897652940102,0.0095703344066184
127,127,gradients/encoder.roberta.encoder.layer.4.attention.self.value.weight,0.4399416372352297,0.37484860495929795,4.981543105900529e-06,0.3173859039968644,0.44810880671062714,0.1260597976133616,0.06261425076189704,-0.21023459188891644,1235.7298839350387,0.3442928934490993,0.0022173474730687
128,128,gradients/encoder.roberta.encoder.layer.4.attention.self.key.bias,0.06088103300475883,0.31969054685152043,9.117940463936003e-05,0.27529035848269473,0.35222616521897765,0.007672437482491737,0.021452993547140222,1.5413606970346236,-449.7986347580411,0.3133033902512871,0.0091468953243208
129,129,gradients/encoder.roberta.encoder.layer.4.attention.self.key.weight,0.04206700249163066,0.4844080532011963,4.695800660793401e-05,0.42115674354584526,0.5773764079981263,0.007854757660543717,0.050034103784267904,-0.560548977228393,-287.47666184896514,0.4982507149381184,0.0072204879615255
130,130,gradients/encoder.roberta.encoder.layer.4.attention.self.query.bias,0.036871466345760974,0.1605179162893235,5.4742205274332273e-05,0.13802240793917328,0.18320416272264,0.007394833231753675,0.0,-1.6286525539527166,-448.068347028239,0.1751747654293416,0.0073968115103879
131,131,gradients/encoder.roberta.encoder.layer.4.attention.self.query.weight,0.011841548451316429,0.4726549381943274,7.622970078910869e-05,0.39871675859189815,0.5243306678022395,0.009822589186683772,0.05953307283085596,-0.29847011006829344,-354.5654142329415,0.4346758980986351,0.0094178149458412
132,132,gradients/encoder.roberta.encoder.layer.3.output.LayerNorm.weight,0.7887313185479474,0.48997479707926855,2.939095663691605e-05,0.4378533976872376,0.582599100030165,0.09279355261466041,0.02749084657328946,-16.599046053506385,-70.87048233449815,0.4670097588129877,0.0057268644430141
133,133,gradients/encoder.roberta.encoder.layer.3.output.LayerNorm.bias,0.04250062965373883,0.3524980891872995,6.342443846778906e-05,0.28409934296606215,0.3998035240696801,0.0007600426514390742,0.0,0.3562073720952403,-464.903271857373,0.3280632468553804,0.0078651163173063
134,134,gradients/encoder.roberta.encoder.layer.3.output.dense.bias,0.047737602781269095,0.09355465081506151,8.595309198270532e-05,0.0788264924552505,0.10829175509921295,0.016185331652369944,0.0,0.06236130233984158,-464.7015141189532,0.0950972114961846,0.0091711925473512
135,135,gradients/encoder.roberta.encoder.layer.3.output.dense.weight,0.0523734281264723,0.266811500439612,7.711437747037626e-06,0.23342611530139454,0.3059509429088973,0.0017256303233703079,0.0,0.40534297725324453,-424.3563279132938,0.254051780699582,0.0027987811954708
136,136,gradients/encoder.roberta.encoder.layer.3.intermediate.dense.bias,0.049414066414669,0.27499031831549997,2.4828024005615255e-05,0.22541898663118295,0.3170043706983503,0.004486538856853984,0.07832165540039862,-0.0759320197996444,-455.6454088851441,0.2785517820930382,0.00470192951979
137,137,gradients/encoder.roberta.encoder.layer.3.intermediate.dense.weight,0.07363543014549666,0.38577941734347465,1.0784277238894426e-06,0.33121707484713514,0.44901402957626485,0.014517076617340051,0.0,-0.29536680659565145,-373.77412743353165,0.4203036716748361,0.0010556825298767
138,138,gradients/encoder.roberta.encoder.layer.3.attention.output.LayerNorm.weight,0.05659148484589049,0.39967991376299616,2.138393965160089e-05,0.35878823174814073,0.4463762524716488,0.005255602876921581,0.06769236901235323,-1.5527182064615839,-430.6672130656495,0.4007148826836933,0.0047912043128563
139,139,gradients/encoder.roberta.encoder.layer.3.attention.output.LayerNorm.bias,0.027894495656733433,0.12172314023432436,2.3027493313785364e-06,0.10273033035192024,0.14010472965387633,0.008107515336825749,0.0,0.29721238041486286,-464.62670342369347,0.1289028223357447,0.0014899056983399
140,140,gradients/encoder.roberta.encoder.layer.3.attention.output.dense.bias,0.3747702404365533,0.37655832231378467,6.287772598520825e-06,0.3355503651698006,0.4225517822030138,0.0919571804787102,0.0,0.26337258297633687,-463.4360751583328,0.4066980560457062,0.0026982792407069
141,141,gradients/encoder.roberta.encoder.layer.3.attention.output.dense.weight,0.005533742259292209,0.10002307438709032,7.822256454060907e-05,0.08570994949702111,0.11073659322772096,0.002146265590627614,0.06028153101040858,0.35657541828335765,-455.42797386073573,0.1067333366569156,0.0083594188391219
142,142,gradients/encoder.roberta.encoder.layer.3.attention.self.value.bias,0.035750258313318156,0.23685337020076677,3.218425677593392e-05,0.19988764954727176,0.2699840997320246,0.007240209414242479,0.013678138068108572,-0.0018187213400915059,-464.4358666419941,0.258371448707445,0.0059879589901239
143,143,gradients/encoder.roberta.encoder.layer.3.attention.self.value.weight,0.07956286686984902,0.15199273131562008,1.6954844215923687e-05,0.1352233822494398,0.18228765698207994,0.01426986493031373,0.0,-5.994651922463769,1346.3605397037047,0.1519292342467689,0.0042285518903712
144,144,gradients/encoder.roberta.encoder.layer.3.attention.self.key.bias,0.08017061130854548,0.20100532245747868,5.4285654992326184e-06,0.16878666268374865,0.22131014370357088,0.02144295641487686,0.0,-0.09504303273163742,-453.5056308042764,0.2136813549608417,0.0023069526178953
145,145,gradients/encoder.roberta.encoder.layer.3.attention.self.key.weight,0.015857455239270412,0.3565521038401983,9.73534375028101e-06,0.28597255212113776,0.3997929041807127,0.02468436004070881,0.09422843188860662,-0.2497821424120415,-339.39786730478284,0.373602017007572,0.0031468226978823
146,146,gradients/encoder.roberta.encoder.layer.3.attention.self.query.bias,0.0027356362587380384,0.3320389583647181,6.559497018717738e-06,0.2697907577541237,0.3928264620225897,0.001622242253868667,0.0,-0.02952193421910637,-459.125734128355,0.332800722563983,0.0026808442470996
147,147,gradients/encoder.roberta.encoder.layer.3.attention.self.query.weight,0.018216526418438687,0.35670528876115604,5.334510226686763e-05,0.28933092132524263,0.4016323115256195,0.007273518867152839,0.09167619877459912,0.6895245217370617,-365.49993242109116,0.3710396602116764,0.0069993220663913
148,148,gradients/encoder.roberta.encoder.layer.2.output.LayerNorm.weight,0.019155549508586032,0.3988066598177705,8.019582918486093e-06,0.33438594425582896,0.4646371789169242,0.007039301247585204,0.0,-5.904138764415521,-362.32477152442067,0.4020432546693139,0.0029285968551349
149,149,gradients/encoder.roberta.encoder.layer.2.output.LayerNorm.bias,0.21207496987325306,0.21555629890992692,9.72747227520466e-06,0.17209740493996417,0.23808645858455388,0.0940831115591493,0.02362556758989361,0.11127877541129548,-464.71495003123204,0.2337470398998039,0.0030493854046877
150,150,gradients/encoder.roberta.encoder.layer.2.output.dense.bias,0.043085954461458645,0.11250346127750767,9.632032137049756e-05,0.09712160791370802,0.12923939714598337,0.002392261589585421,0.0,0.1569559179387767,-463.54168506961224,0.1081948015628257,0.0093527910592291
151,151,gradients/encoder.roberta.encoder.layer.2.output.dense.weight,0.0013903197018874925,0.41039185319176447,3.298716969675551e-05,0.3392113446791293,0.46735959173431674,0.00014245303580277566,0.08565204352580869,0.18478663124549288,-404.4631144851385,0.4064279889121743,0.0059560324556523
152,152,gradients/encoder.roberta.encoder.layer.2.intermediate.dense.bias,0.008483239051071966,0.2041462630829775,2.3616078219498318e-05,0.171469541321058,0.2355484917787046,2.7950974227051115e-05,0.0,0.44195716702620225,-450.5606010262206,0.208191004716755,0.005165586142152
153,153,gradients/encoder.roberta.encoder.layer.2.intermediate.dense.weight,0.0353114103686765,0.21423977289096324,7.978875508480348e-05,0.18698124896326332,0.2376866696337556,0.0030057045763499306,0.07803416776996776,4.155416836607157,1347.2074750304337,0.2009938553195019,0.0093488110426184
154,154,gradients/encoder.roberta.encoder.layer.2.attention.output.LayerNorm.weight,0.0629883678152388,0.2725494237969466,1.2740736994735895e-06,0.23919964586084663,0.3105627245751105,0.01573084207069786,0.0,-0.8521845623009275,-452.43827151397176,0.2709340615932424,0.0011963103052346
155,155,gradients/encoder.roberta.encoder.layer.2.attention.output.LayerNorm.bias,0.031446520517468095,0.18663403584950086,4.84339090736287e-06,0.16106544476859322,0.21002620740331016,0.011223285992422427,0.06723587915411879,0.29481749059014406,-465.0418569448505,0.1974754069181488,0.0021360143481065
156,156,gradients/encoder.roberta.encoder.layer.2.attention.output.dense.bias,0.30649617426782155,0.42203454352756387,1.3675413280403745e-05,0.3590121136085023,0.4704332561009699,0.043064427065814995,0.0,-0.02698673044028055,-463.8429451822017,0.3912448490520347,0.0035699468279842
157,157,gradients/encoder.roberta.encoder.layer.2.attention.output.dense.weight,0.0034044183509276916,0.10396420044367391,1.2990886355355151e-05,0.08374915698259536,0.11943252333308405,0.0009709854531969153,0.0,0.10930491892275361,-457.46010098067103,0.0982501816064451,0.0036807687401596
158,158,gradients/encoder.roberta.encoder.layer.2.attention.self.value.bias,0.4935661771777388,0.2935205842837953,1.1944823051299753e-06,0.2589273274409556,0.32862214712282767,0.11015014321507467,0.0,0.19501103716873192,-463.4667916593728,0.3034584727408195,0.0011566053786876
159,159,gradients/encoder.roberta.encoder.layer.2.attention.self.value.weight,0.01423809957303907,0.1679920917774542,3.980041361960324e-05,0.14830762565006406,0.19382534444671282,0.0009695191609027085,0.0,0.5912662868714449,-299.3653687130341,0.1565042741160728,0.0059527060070902
160,160,gradients/encoder.roberta.encoder.layer.2.attention.self.key.bias,0.09402624901846805,0.35278682549077833,1.7958396181978083e-05,0.31504755826075614,0.40355502909551344,0.02538179880277963,0.0,-0.9781670271810023,-456.0523369411231,0.3808627767336257,0.004585263797727
161,161,gradients/encoder.roberta.encoder.layer.2.attention.self.key.weight,0.005243380016563284,0.3209395232105943,3.283322500373237e-06,0.26286268154889414,0.37783295695198166,0.0016588882061399387,0.004283011213784815,1.3063963813813089,-207.15618327034474,0.3245490634791493,0.0017878325216661
162,162,gradients/encoder.roberta.encoder.layer.2.attention.self.query.bias,0.05177275515931235,0.3674674724942216,1.9977950321772927e-05,0.3087400929515151,0.4154427873250926,0.021343646699727055,0.10167684079353446,-0.68011601850563,-453.71084303938716,0.3726375116248558,0.0044024004584498
163,163,gradients/encoder.roberta.encoder.layer.2.attention.self.query.weight,0.019292216962905364,0.35907080193835483,4.485862711844907e-05,0.3079169039540179,0.4125032680388231,0.0005696296213780927,0.011024495150629995,-5.010564440674956,82.6344237443691,0.3975327937101149,0.0065572741230515
164,164,gradients/encoder.roberta.encoder.layer.1.output.LayerNorm.weight,0.005477541957596778,0.4350683625957493,9.14201339451693e-06,0.35705622083211364,0.47946209953962066,0.0018413960588343104,0.0,6.129246035112083,-390.6020136395472,0.4395486513458905,0.0032718873548369
165,165,gradients/encoder.roberta.encoder.layer.1.output.LayerNorm.bias,0.017496182914395725,0.39505829384583346,1.4053458227471794e-05,0.3365492105376247,0.45936206043583905,0.010152463864418476,0.053640654241718065,0.12283409282082468,-464.9036500806953,0.3712115996617984,0.0038809185582247
166,166,gradients/encoder.roberta.encoder.layer.1.output.dense.bias,0.006543251227286696,0.4029806766537499,2.6974648723556278e-05,0.32604063672065825,0.4735357133226179,0.00246296954423248,0.07085479464141914,0.1504936132684218,-463.50955452469617,0.4459572557418571,0.0052747649381403
167,167,gradients/encoder.roberta.encoder.layer.1.output.dense.weight,0.001684396160254313,0.36514578891534677,5.730943872153085e-05,0.3012184967239981,0.431719460002917,0.0006712772606186231,0.09401509200408055,-4.780520029012453,890.6535883426222,0.3386096015052303,0.0077647758864912
168,168,gradients/encoder.roberta.encoder.layer.1.intermediate.dense.bias,0.02586643648579111,0.3226376660410084,3.5240305393438356e-06,0.27748783894173024,0.36699038910491916,0.0029845723459011363,0.0,1.175003469576817,-452.7297936448063,0.3495934716234553,0.0017707673370306
169,169,gradients/encoder.roberta.encoder.layer.1.intermediate.dense.weight,0.09662774976357595,0.422322781468884,7.296154041133369e-06,0.3785778400724877,0.4841440479937474,0.09780439987538869,0.047554270533410124,-2.035137412187063,1696.773142389313,0.4415973401439003,0.002735263037945
170,170,gradients/encoder.roberta.encoder.layer.1.attention.output.LayerNorm.weight,0.2325069522979925,0.3374213152601878,5.3789167627039985e-05,0.29395169771459423,0.3974426608030288,0.11074715018131255,0.0833986781320437,0.9997116770445665,-459.85458960030314,0.3109417869452082,0.0070670175826949
171,171,gradients/encoder.roberta.encoder.layer.1.attention.output.LayerNorm.bias,0.045582585891755976,0.4389067777646482,8.351265796662227e-06,0.3614138435836556,0.5033459809797235,0.015285675944299712,0.0,0.1176209862841586,-464.90414461101676,0.4053175319893118,0.0029409658690468
172,172,gradients/encoder.roberta.encoder.layer.1.attention.output.dense.bias,0.03525122092012883,0.49122290784704675,8.16530727463565e-05,0.3942078780248724,0.5739749932535987,0.0015143042317748363,0.0641251951258488,-0.03124369629173336,-464.13189141647064,0.4931928000563267,0.0091610620368321
173,173,gradients/encoder.roberta.encoder.layer.1.attention.output.dense.weight,0.04756183008018599,0.17369780773764867,4.7547707059305376e-05,0.15473798815492987,0.19150612340531606,0.009031998182655166,0.06539201159758493,0.2448469996700505,-455.5999086906393,0.1667070224131858,0.0073220076816361
174,174,gradients/encoder.roberta.encoder.layer.1.attention.self.value.bias,0.06339315974685189,0.2229529609697833,3.2480813378998195e-05,0.19923997964831786,0.26527254055980987,0.015099736243926973,0.0,0.030168517107638487,-464.032499826357,0.2079088204897007,0.0056102409354573
175,175,gradients/encoder.roberta.encoder.layer.1.attention.self.value.weight,0.043503890183985865,0.4014934505749421,1.8716590754897111e-06,0.33348980190850064,0.4741886086067418,0.018823206824281145,0.0,-0.8623380670493456,-135.93043971111211,0.431679405971313,0.0012840666228137
176,176,gradients/encoder.roberta.encoder.layer.1.attention.self.key.bias,0.003060141159260833,0.2854428690293645,5.840509756768471e-05,0.23216613861402996,0.3166889071420307,0.0007933202782823225,0.0,-0.21541063568696017,-461.18926104835134,0.3114124165569989,0.007483096581129
177,177,gradients/encoder.roberta.encoder.layer.1.attention.self.key.weight,0.3050216566644686,0.231748744938028,3.2731674689793064e-05,0.18655818899482074,0.26173178024359467,0.0731229505530213,0.04854633999686247,0.4215724715527991,-360.4783658912786,0.2234407250392406,0.005580865541878
178,178,gradients/encoder.roberta.encoder.layer.1.attention.self.query.bias,0.043306422018817924,0.38070188146111866,3.8942443020220295e-05,0.328675510606087,0.4528957802698161,0.0145714086492738,0.0,0.9734851519689577,-440.0437266648326,0.4217094055723867,0.0062784259672196
179,179,gradients/encoder.roberta.encoder.layer.1.attention.self.query.weight,0.011173993811498906,0.009612087290122183,7.261974130820324e-05,0.009238764844511289,0.011479344009845552,0.0032215249742354886,0.0,25.401987505990178,15924.195720440739,0.0112516910940913,0.0088871411114091
180,180,gradients/encoder.roberta.encoder.layer.0.output.LayerNorm.weight,0.264306571263784,0.34556492068670225,1.9443926841677368e-05,0.3032005496494991,0.41344128153786913,0.11316965286749776,0.05473302737345466,1.1015271521119778,-450.9229685922022,0.3274667907685993,0.0042039031757807
181,181,gradients/encoder.roberta.encoder.layer.0.output.LayerNorm.bias,0.40803951086235973,0.44297887054594987,7.15364547519251e-05,0.37582174096266713,0.5153223398438289,0.023350456414039197,0.0,-0.07883976056834421,-465.0404040281321,0.421296122726662,0.0089676629021366
182,182,gradients/encoder.roberta.encoder.layer.0.output.dense.bias,0.04149642836002663,0.5506545864890874,6.665169192916694e-05,0.46302491122035283,0.6282394070596586,0.010220039203404703,0.0,-0.020839158853677237,-464.02730686681656,0.516630462900612,0.0077993979669399
183,183,gradients/encoder.roberta.encoder.layer.0.output.dense.weight,0.051760382075155965,0.21375634750285705,1.242959843012671e-05,0.17929980734581422,0.2422371399308416,0.001342078270737758,0.0601746770153339,-0.025934922402873692,-366.66450778901424,0.2038925672468579,0.0034024332723042
184,184,gradients/encoder.roberta.encoder.layer.0.intermediate.dense.bias,0.010145753579738256,0.16238778532715603,2.215315891044447e-05,0.13081981664871092,0.19559195590084527,0.002030920996961247,0.0,-0.44568928709226274,-454.27231253582744,0.1769410236688178,0.0047989737475985
185,185,gradients/encoder.roberta.encoder.layer.0.intermediate.dense.weight,0.017336473028073056,0.23344436635772073,5.256470387889724e-05,0.19157922193900712,0.2785706425063064,0.007699973742229252,0.0,2.085098467757758,-295.63108834117463,0.2350822247748712,0.007566336199341
186,186,gradients/encoder.roberta.encoder.layer.0.attention.output.LayerNorm.weight,0.2537028739831642,0.13922210890443684,2.353912449903856e-05,0.12376722967310537,0.1664992334123471,0.06932904318815482,0.0,-0.09617051159868853,-463.5173077072959,0.1376135386222392,0.0049314568486265
187,187,gradients/encoder.roberta.encoder.layer.0.attention.output.LayerNorm.bias,0.24372544793904788,0.32411273534318463,8.142385534095529e-05,0.29197821828042414,0.36473606802874314,0.10458337495813823,0.0,0.26778417962137563,-464.8969464757149,0.3202526449559827,0.0097595000337611
188,188,gradients/encoder.roberta.encoder.layer.0.attention.output.dense.bias,0.04690936920222628,0.016266943467943846,8.088358616363259e-06,0.013669000490031996,0.018033319433818477,0.009548255028244702,0.0,0.02797003318498264,-465.02117309917566,0.0167081558542904,0.0026720962889546
189,189,gradients/encoder.roberta.encoder.layer.0.attention.output.dense.weight,0.5797871938344792,0.1740937833240391,2.137487392008356e-06,0.15335814549282725,0.19825928733845447,0.20785714311592365,0.0,0.1898617011409933,-451.19429879130513,0.1754008436036864,0.0014369802537002
190,190,gradients/encoder.roberta.encoder.layer.0.attention.self.value.bias,0.007529470586811211,0.47257392769903395,6.187020276799694e-06,0.42123924424566206,0.5659572248122021,0.0024632360736322324,0.0,0.3659716641129271,-464.18539470394455,0.4444196179278115,0.0024718018645825
191,191,gradients/encoder.roberta.encoder.layer.0.attention.self.value.weight,0.016996529492075082,0.27820182142029526,7.97298538982148e-05,0.24144247513165165,0.3096846653510123,0.007745290131314304,0.0,0.16416991116195673,-437.3104937274938,0.2568341745943397,0.008848082357613
192,192,gradients/encoder.roberta.encoder.layer.0.attention.self.key.bias,0.0753782175489042,0.18174881544624885,5.087888354372417e-05,0.1556114231986661,0.2113153668915348,0.019376844506960998,0.09809654147291197,-1.6011779165403834,-440.1191658417051,0.1819904623491723,0.0066537689395762
193,193,gradients/encoder.roberta.encoder.layer.0.attention.self.key.weight,0.36576077636153026,0.13287764965413068,8.944632328658996e-05,0.1092276791679886,0.14707354322173202,0.03746799285792593,0.0,0.012932913960026216,-458.1492674307561,0.1432926799096934,0.0093525692925594
194,194,gradients/encoder.roberta.encoder.layer.0.attention.self.query.bias,0.05484117168094741,0.5287441434399839,2.8435492049105685e-05,0.46509952024624257,0.6153399809442279,0.0036581416046467105,0.0,-0.08782455562791007,-461.73456424204124,0.4915483490757902,0.0056080220995234
195,195,gradients/encoder.roberta.encoder.layer.0.attention.self.query.weight,0.03698452128879263,0.1416967561812973,6.490748533547116e-05,0.11879964759778237,0.15976406847460858,0.011068336256987351,0.02189952446751254,0.26521984389314496,-459.44515167224097,0.1398130396000647,0.0079408203694138
196,196,gradients/encoder.roberta.embeddings.LayerNorm.weight,0.13482983458205897,0.3249979281262272,2.786186744212245e-06,0.2679066585050731,0.3807728780399589,0.02179665214281,0.0,0.28816165179542474,-462.6138445372709,0.3256790131493168,0.0016727388945463
197,197,gradients/encoder.roberta.embeddings.LayerNorm.bias,0.008346661322699869,0.4073934556555625,7.818438338414273e-05,0.34550116100279993,0.472277514284905,0.00014476177679060147,0.0,0.23439745253849392,-464.7636029162011,0.4250591344768801,0.0084206643514873
198,198,gradients/encoder.roberta.embeddings.position_embeddings.weight,0.04517343355562336,0.25093126562941775,8.323989154699551e-05,0.21462144546129908,0.28230464174704945,0.01939556511007761,0.0,0.287275488804402,-423.7514145319047,0.2451340281992193,0.0086495106078826
199,199,gradients/encoder.roberta.embeddings.token_type_embeddings.weight,0.04513655117352119,0.41955956991541316,5.111899187535286e-05,0.37105396606936125,0.4975273619928152,0.008451228220955788,0.00909992585763334,0.006607717307146016,-465.0974679750059,0.4466307881589511,0.007591989192731
200,200,gradients/encoder.roberta.embeddings.word_embeddings.weight,0.012556212939812276,0.01920397808945919,6.002766010030943e-05,0.016318489077712786,0.021842754381406745,0.0012725028382407613,0.0,10.231909176705535,4939.759535462763,0.0187056060842051,0.0077666933389992
